Rank,Year,Movie,Movie Link,Total Gross,Max Theaters,Opening Weekend Gross,Opening Weekend % of Total,Opening Theaters,Open Date,Distributor,MPAA,Running Time,Genres,In Release,Running Time Numeric
1,2024,Inside Out 2,https://www.boxofficemojo.com/release/rl3638199041/?ref_=bo_yld_table_1,652980194.0,4440,154201673.0,0.23600000000000002,4440,Jun 14,Walt Disney Studios Motion Pictures,PG,1 hr 36 min,"['Adventure', 'Animation', 'Comedy', 'Drama', 'Family', 'Fantasy']",286 days/40 weeks,96.0
2,2024,Deadpool & Wolverine,https://www.boxofficemojo.com/release/rl4108092161/?ref_=bo_yld_table_2,636745858.0,4330,211435291.0,0.332,4210,Jul 26,Walt Disney Studios Motion Pictures,R,2 hr 8 min,"['Action', 'Adventure', 'Comedy', 'Sci-Fi']",244 days/34 weeks,128.0
3,2024,Wicked,https://www.boxofficemojo.com/release/rl1199474177/?ref_=bo_yld_table_3,473231120.0,3888,112508890.0,0.23800000000000002,3888,Nov 22,Universal Pictures,PG,2 hr 40 min,"['Fantasy', 'Musical', 'Romance']",125 days/17 weeks,160.0
4,2024,Moana 2,https://www.boxofficemojo.com/release/rl862748673/?ref_=bo_yld_table_4,460364069.0,4200,139787385.0,0.304,4200,Nov 27,Walt Disney Studios Motion Pictures,PG,1 hr 40 min,"['Adventure', 'Animation', 'Comedy', 'Family', 'Fantasy', 'Musical']",120 days/17 weeks,100.0
5,2024,Despicable Me 4,https://www.boxofficemojo.com/release/rl2603516673/?ref_=bo_yld_table_5,361004205.0,4449,75009210.0,0.20800000000000002,4428,Jul 3,Universal Pictures,PG,1 hr 34 min,"['Adventure', 'Animation', 'Comedy', 'Crime', 'Family', 'Sci-Fi']",267 days/38 weeks,94.0
6,2024,Beetlejuice Beetlejuice,https://www.boxofficemojo.com/release/rl3365110529/?ref_=bo_yld_table_6,294100435.0,4575,111003345.0,0.377,4575,Sep 6,Warner Bros.,PG-13,1 hr 45 min,"['Comedy', 'Fantasy', 'Horror']",202 days/28 weeks,105.0
7,2024,Dune: Part Two,https://www.boxofficemojo.com/release/rl68715265/?ref_=bo_yld_table_7,282144358.0,4074,82505391.0,0.292,4071,Mar 1,Warner Bros.,PG-13,2 hr 46 min,"['Action', 'Adventure', 'Drama', 'Sci-Fi']",391 days/55 weeks,166.0
8,2024,Twisters,https://www.boxofficemojo.com/release/rl1324712705/?ref_=bo_yld_table_8,267762265.0,4170,81251415.0,0.303,4151,Jul 19,Universal Pictures,PG-13,2 hr 2 min,"['Action', 'Adventure', 'Thriller']",251 days/35 weeks,122.0
9,2024,Mufasa: The Lion King,https://www.boxofficemojo.com/release/rl1511097089/?ref_=bo_yld_table_9,253981541.0,4100,35409365.0,0.139,4100,Dec 20,Walt Disney Studios Motion Pictures,PG,1 hr 58 min,"['Adventure', 'Animation', 'Drama', 'Family', 'Fantasy', 'Musical']",97 days/13 weeks,118.0
10,2024,Sonic the Hedgehog 3,https://www.boxofficemojo.com/release/rl886211329/?ref_=bo_yld_table_10,236100420.0,3769,60102146.0,0.255,3761,Dec 20,Paramount Pictures,PG,1 hr 50 min,"['Action', 'Adventure', 'Comedy', 'Family', 'Fantasy', 'Sci-Fi']",97 days/13 weeks,110.0
11,2024,Godzilla x Kong: The New Empire,https://www.boxofficemojo.com/release/rl3351937793/?ref_=bo_yld_table_11,196350016.0,3948,80006561.0,0.40700000000000003,3861,Mar 29,Warner Bros.,PG-13,1 hr 55 min,"['Action', 'Adventure', 'Fantasy', 'Sci-Fi', 'Thriller']",363 days/51 weeks,115.0
12,2024,Kung Fu Panda 4,https://www.boxofficemojo.com/release/rl601195265/?ref_=bo_yld_table_12,193590620.0,4067,57989905.0,0.3,4035,Mar 8,Universal Pictures,PG,1 hr 34 min,"['Action', 'Adventure', 'Animation', 'Comedy', 'Family', 'Fantasy']",384 days/54 weeks,94.0
13,2024,Bad Boys: Ride or Die,https://www.boxofficemojo.com/release/rl1386447617/?ref_=bo_yld_table_13,193573217.0,3885,56527324.0,0.292,3885,Jun 7,Sony Pictures Releasing,R,1 hr 55 min,"['Action', 'Adventure', 'Comedy', 'Crime', 'Thriller']",293 days/41 weeks,115.0
14,2024,Gladiator II,https://www.boxofficemojo.com/release/rl1778156289/?ref_=bo_yld_table_14,172438016.0,3580,55034715.0,0.319,3573,Nov 22,Paramount Pictures,R,2 hr 28 min,"['Action', 'Adventure', 'Drama']",125 days/17 weeks,148.0
15,2024,Kingdom of the Planet of the Apes,https://www.boxofficemojo.com/release/rl1678869249/?ref_=bo_yld_table_15,171130165.0,4075,58400788.0,0.341,4075,May 10,20th Century Studios,PG-13,2 hr 25 min,"['Action', 'Adventure', 'Drama', 'Sci-Fi', 'Thriller']",321 days/45 weeks,145.0
16,2024,It Ends with Us,https://www.boxofficemojo.com/release/rl3818881793/?ref_=bo_yld_table_16,148518266.0,3839,50016652.0,0.337,3611,Aug 9,Sony Pictures Releasing,PG-13,2 hr 10 min,"['Drama', 'Romance']",230 days/32 weeks,130.0
17,2024,The Wild Robot,https://www.boxofficemojo.com/release/rl3443949569/?ref_=bo_yld_table_17,143901945.0,3997,35790150.0,0.249,3962,Sep 27,Universal Pictures,PG,1 hr 42 min,"['Animation', 'Sci-Fi']",181 days/25 weeks,102.0
18,2024,Venom: The Last Dance,https://www.boxofficemojo.com/release/rl3290006273/?ref_=bo_yld_table_18,139755882.0,4131,51012404.0,0.365,4131,Oct 25,Sony Pictures Releasing,PG-13,1 hr 50 min,"['Action', 'Adventure', 'Sci-Fi', 'Thriller']",153 days/21 weeks,110.0
19,2024,A Quiet Place: Day One,https://www.boxofficemojo.com/release/rl545096449/?ref_=bo_yld_table_19,139051884.0,3708,52202495.0,0.375,3707,Jun 28,Paramount Pictures,PG-13,1 hr 39 min,"['Drama', 'Horror', 'Sci-Fi', 'Thriller']",272 days/38 weeks,99.0
20,2024,Ghostbusters: Frozen Empire,https://www.boxofficemojo.com/release/rl1436779265/?ref_=bo_yld_table_20,113376590.0,4345,45004673.0,0.397,4345,Mar 22,Sony Pictures Releasing,PG-13,1 hr 55 min,"['Adventure', 'Comedy', 'Fantasy', 'Sci-Fi']",370 days/52 weeks,115.0
21,2024,IF,https://www.boxofficemojo.com/release/rl3731915521/?ref_=bo_yld_table_21,111375918.0,4068,33715801.0,0.303,4041,May 17,Paramount Pictures,PG,1 hr 44 min,"['Animation', 'Comedy', 'Drama', 'Family', 'Fantasy']",314 days/44 weeks,104.0
22,2024,Alien: Romulus,https://www.boxofficemojo.com/release/rl654017281/?ref_=bo_yld_table_22,105313091.0,3915,42003361.0,0.39899999999999997,3885,Aug 16,Walt Disney Studios Motion Pictures,R,1 hr 59 min,"['Horror', 'Sci-Fi', 'Thriller']",223 days/31 weeks,119.0
23,2024,Red One,https://www.boxofficemojo.com/release/rl2841083905/?ref_=bo_yld_table_23,97000759.0,4032,32106112.0,0.331,4032,Nov 15,Amazon MGM Studios,PG-13,2 hr 3 min,"['Action', 'Adventure', 'Comedy', 'Fantasy', 'Mystery']",132 days/18 weeks,123.0
24,2024,Bob Marley: One Love,https://www.boxofficemojo.com/release/rl1496810241/?ref_=bo_yld_table_24,96981216.0,3597,28659004.0,0.29600000000000004,3539,Feb 14,Paramount Pictures,PG-13,1 hr 47 min,"['Biography', 'Drama', 'Music']",407 days/58 weeks,107.0
25,2024,Nosferatu,https://www.boxofficemojo.com/release/rl2537783297/?ref_=bo_yld_table_25,95608235.0,3132,21652560.0,0.226,2992,Dec 25,Focus Features,R,2 hr 12 min,"['Fantasy', 'Horror', 'Mystery']",92 days/13 weeks,132.0
26,2024,The Fall Guy,https://www.boxofficemojo.com/release/rl752190209/?ref_=bo_yld_table_26,92900355.0,4008,27747035.0,0.299,4002,May 3,Universal Pictures,PG-13,2 hr 6 min,"['Action', 'Comedy', 'Drama', 'Romance']",328 days/46 weeks,126.0
27,2024,The Garfield Movie,https://www.boxofficemojo.com/release/rl382960385/?ref_=bo_yld_table_27,91956547.0,4108,24006629.0,0.261,4035,May 24,Sony Pictures Releasing,PG,1 hr 41 min,"['Adventure', 'Animation', 'Comedy', 'Family', 'Fantasy']",307 days/43 weeks,101.0
28,2024,A Complete Unknown,https://www.boxofficemojo.com/release/rl2843508737/?ref_=bo_yld_table_28,74924410.0,2835,11655553.0,0.156,2835,Dec 25,Searchlight Pictures,R,2 hr 21 min,"['Biography', 'Drama', 'Music']",92 days/13 weeks,141.0
29,2024,Longlegs,https://www.boxofficemojo.com/release/rl1733394433/?ref_=bo_yld_table_29,74346140.0,2850,22400119.0,0.301,2510,Jul 12,Neon,R,1 hr 41 min,"['Crime', 'Horror', 'Thriller']",258 days/36 weeks,101.0
30,2024,Mean Girls,https://www.boxofficemojo.com/release/rl615482113/?ref_=bo_yld_table_30,72581770.0,3826,28635307.0,0.395,3791,Jan 12,Paramount Pictures,PG-13,1 hr 52 min,"['Comedy', 'Musical']",440 days/62 weeks,112.0
31,2024,Smile 2,https://www.boxofficemojo.com/release/rl665813761/?ref_=bo_yld_table_31,69012586.0,3624,23021692.0,0.33399999999999996,3619,Oct 18,Paramount Pictures,R,2 hr 7 min,"['Horror', 'Mystery', 'Thriller']",160 days/22 weeks,127.0
32,2024,Civil War,https://www.boxofficemojo.com/release/rl172392449/?ref_=bo_yld_table_32,68756072.0,3929,25537368.0,0.371,3838,Apr 12,A24,R,1 hr 49 min,"['Action', 'Adventure', 'Thriller']",349 days/49 weeks,109.0
33,2024,Furiosa: A Mad Max Saga,https://www.boxofficemojo.com/release/rl627344129/?ref_=bo_yld_table_33,67475791.0,3864,26326462.0,0.39,3804,May 24,Warner Bros.,R,2 hr 28 min,"['Action', 'Adventure', 'Sci-Fi', 'Thriller']",307 days/43 weeks,148.0
34,2024,The Beekeeper,https://www.boxofficemojo.com/release/rl2912715521/?ref_=bo_yld_table_34,66220535.0,3337,16576007.0,0.25,3303,Jan 12,Metro-Goldwyn-Mayer (MGM),R,1 hr 45 min,"['Action', 'Crime', 'Thriller']",440 days/62 weeks,105.0
35,2024,Transformers One,https://www.boxofficemojo.com/release/rl3760947969/?ref_=bo_yld_table_35,59098421.0,3978,24613970.0,0.41600000000000004,3978,Sep 20,Paramount Pictures,PG,1 hr 44 min,"['Action', 'Adventure', 'Animation', 'Family', 'Fantasy', 'Sci-Fi']",188 days/26 weeks,104.0
36,2024,Joker: Folie à Deux,https://www.boxofficemojo.com/release/rl2339995649/?ref_=bo_yld_table_36,58300287.0,4102,37678467.0,0.6459999999999999,4102,Oct 4,Warner Bros.,R,2 hr 18 min,"['Drama', 'Musical', 'Thriller']",174 days/24 weeks,138.0
37,2024,Terrifier 3,https://www.boxofficemojo.com/release/rl2221441025/?ref_=bo_yld_table_37,53981071.0,2762,18928113.0,0.35100000000000003,2514,Oct 11,Cineverse,,2 hr 5 min,['Horror'],167 days/23 weeks,125.0
38,2024,Challengers,https://www.boxofficemojo.com/release/rl2915664641/?ref_=bo_yld_table_38,50119408.0,3477,15011061.0,0.3,3477,Apr 26,Amazon MGM Studios,R,2 hr 11 min,"['Comedy', 'Drama', 'Romance', 'Sport']",335 days/47 weeks,131.0
39,2024,Argylle,https://www.boxofficemojo.com/release/rl4071392001/?ref_=bo_yld_table_39,45207275.0,3647,17473540.0,0.387,3605,Feb 2,Universal Pictures,PG-13,2 hr 19 min,"['Action', 'Comedy', 'Thriller']",334 days/47 weeks,139.0
40,2024,Madame Web,https://www.boxofficemojo.com/release/rl1379697409/?ref_=bo_yld_table_40,43817106.0,4013,15335860.0,0.35,4013,Feb 14,Columbia Pictures,PG-13,1 hr 56 min,"['Action', 'Adventure', 'Sci-Fi', 'Thriller']",407 days/58 weeks,116.0
41,2024,Trap,https://www.boxofficemojo.com/release/rl562070273/?ref_=bo_yld_table_41,42777281.0,3181,15454146.0,0.361,3181,Aug 2,Warner Bros.,PG-13,1 hr 45 min,"['Crime', 'Horror', 'Mystery', 'Thriller']",237 days/33 weeks,105.0
42,2024,The Best Christmas Pageant Ever,https://www.boxofficemojo.com/release/rl457277441/?ref_=bo_yld_table_42,40048808.0,3020,10773559.0,0.26899999999999996,3020,Nov 8,Lionsgate,PG,1 hr 39 min,"['Adventure', 'Comedy', 'Drama', 'Fantasy', 'Mystery', 'Romance']",139 days/19 weeks,99.0
43,2024,Speak No Evil,https://www.boxofficemojo.com/release/rl999260929/?ref_=bo_yld_table_43,36931420.0,3375,11397595.0,0.309,3375,Sep 13,Universal Pictures,R,1 hr 50 min,"['Drama', 'Horror', 'Thriller']",195 days/27 weeks,110.0
44,2024,The Strangers: Chapter 1,https://www.boxofficemojo.com/release/rl793346049/?ref_=bo_yld_table_44,35202562.0,2856,11825058.0,0.336,2856,May 17,Lionsgate,R,1 hr 31 min,['Horror'],314 days/44 weeks,91.0
45,2024,Coraline,https://www.boxofficemojo.com/release/rl2607513601/?ref_=bo_yld_table_45,33626425.0,1564,9832281.0,0.292,1535,Aug 15,Fathom Events,PG,1 hr 40 min,"['Animation', 'Drama', 'Family', 'Fantasy']",224 days/32 weeks,100.0
46,2024,Conclave,https://www.boxofficemojo.com/release/rl3898179585/?ref_=bo_yld_table_46,32580655.0,2377,6601995.0,0.203,1753,Oct 25,Focus Features,PG,2 hr,"['Drama', 'Thriller']",153 days/21 weeks,120.0
47,2024,Night Swim,https://www.boxofficemojo.com/release/rl2046198529/?ref_=bo_yld_table_47,32494740.0,3257,11797155.0,0.363,3250,Jan 5,Universal Pictures,PG-13,1 hr 38 min,"['Horror', 'Mystery', 'Thriller']",362 days/51 weeks,98.0
48,2024,Reagan,https://www.boxofficemojo.com/release/rl4133781505/?ref_=bo_yld_table_48,30047417.0,2770,7650720.0,0.255,2754,Aug 30,Showbiz Direct,PG-13,2 hr 21 min,"['Biography', 'Drama', 'History']",209 days/29 weeks,141.0
49,2024,The Forge,https://www.boxofficemojo.com/release/rl1795064577/?ref_=bo_yld_table_49,29123632.0,1921,6659508.0,0.22899999999999998,1818,Aug 23,Affirm Films,PG,2 hr 4 min,"['Drama', 'Family']",216 days/30 weeks,124.0
50,2024,Horizon: An American Saga - Chapter 1,https://www.boxofficemojo.com/release/rl3484517121/?ref_=bo_yld_table_50,29035702.0,3334,11052561.0,0.381,3334,Jun 28,Warner Bros.,R,3 hr 1 min,"['Drama', 'Western']",272 days/38 weeks,181.0
51,2024,Babygirl,https://www.boxofficemojo.com/release/rl2926346241/?ref_=bo_yld_table_51,28196732.0,2164,4490145.0,0.159,2115,Dec 25,A24,R,1 hr 54 min,"['Drama', 'Romance', 'Thriller']",92 days/13 weeks,114.0
52,2024,Imaginary,https://www.boxofficemojo.com/release/rl3180495617/?ref_=bo_yld_table_52,28009161.0,3118,9912713.0,0.354,3118,Mar 8,Lionsgate,PG-13,1 hr 44 min,"['Horror', 'Mystery', 'Thriller']",384 days/54 weeks,104.0
53,2024,Heretic,https://www.boxofficemojo.com/release/rl2876014593/?ref_=bo_yld_table_53,27986380.0,3230,10829810.0,0.387,3221,Nov 8,A24,R,1 hr 51 min,"['Horror', 'Thriller']",139 days/19 weeks,111.0
54,2024,Abigail,https://www.boxofficemojo.com/release/rl1488880385/?ref_=bo_yld_table_54,25867515.0,3393,10297110.0,0.39799999999999996,3384,Apr 19,Universal Pictures,R,1 hr 49 min,"['Horror', 'Thriller']",342 days/48 weeks,109.0
55,2024,Monkey Man,https://www.boxofficemojo.com/release/rl290357249/?ref_=bo_yld_table_55,25116955.0,3037,10119435.0,0.40299999999999997,3029,Apr 5,Universal Pictures,R,2 hr 1 min,"['Action', 'Crime', 'Thriller']",356 days/50 weeks,121.0
56,2024,Arthur the King,https://www.boxofficemojo.com/release/rl1589609217/?ref_=bo_yld_table_56,25049006.0,3003,7633898.0,0.305,3003,Mar 15,Lionsgate,PG-13,1 hr 47 min,"['Adventure', 'Drama', 'Sport']",377 days/53 weeks,107.0
57,2024,Kraven the Hunter,https://www.boxofficemojo.com/release/rl259556097/?ref_=bo_yld_table_57,25026310.0,3211,11001109.0,0.44,3211,Dec 13,Sony Pictures Releasing,R,2 hr 7 min,"['Action', 'Thriller']",104 days/14 weeks,127.0
58,2024,We Live in Time,https://www.boxofficemojo.com/release/rl2825682945/?ref_=bo_yld_table_58,24692924.0,2964,232615.0,0.009000000000000001,5,Oct 11,A24,R,1 hr 48 min,"['Drama', 'Romance']",167 days/23 weeks,108.0
59,2024,Blink Twice,https://www.boxofficemojo.com/release/rl4082008065/?ref_=bo_yld_table_59,23093906.0,3067,7301894.0,0.316,3067,Aug 23,Amazon MGM Studios,R,1 hr 42 min,"['Mystery', 'Thriller']",216 days/30 weeks,102.0
60,2024,The Bikeriders,https://www.boxofficemojo.com/release/rl620462849/?ref_=bo_yld_table_60,21746895.0,2692,9698275.0,0.446,2642,Jun 21,Focus Features,R,1 hr 56 min,"['Crime', 'Drama']",279 days/39 weeks,116.0
61,2024,Homestead,https://www.boxofficemojo.com/release/rl2557247489/?ref_=bo_yld_table_61,20811864.0,1886,6000241.0,0.28800000000000003,1886,Dec 20,Angel Studios,PG-13,1 hr 52 min,"['Action', 'Drama', 'Thriller']",97 days/13 weeks,112.0
62,2024,The Ministry of Ungentlemanly Warfare,https://www.boxofficemojo.com/release/rl3964305409/?ref_=bo_yld_table_62,20535053.0,2845,8913698.0,0.434,2845,Apr 19,Lionsgate,R,2 hr 2 min,"['Action', 'Comedy', 'War']",342 days/48 weeks,122.0
63,2024,Fly Me to the Moon,https://www.boxofficemojo.com/release/rl810057729/?ref_=bo_yld_table_63,20532222.0,3356,9402176.0,0.45799999999999996,3356,Jul 12,Columbia Pictures,PG-13,2 hr 12 min,"['Comedy', 'Romance']",258 days/36 weeks,132.0
64,2024,Anora,https://www.boxofficemojo.com/release/rl779911169/?ref_=bo_yld_table_64,20366344.0,1938,550503.0,0.027000000000000003,6,Oct 18,Neon,R,2 hr 19 min,"['Comedy', 'Drama', 'Romance']",160 days/22 weeks,139.0
65,2024,Unsung Hero,https://www.boxofficemojo.com/release/rl832733953/?ref_=bo_yld_table_65,20335239.0,2832,7731539.0,0.38,2832,Apr 26,Lionsgate,PG,1 hr 53 min,"['Drama', 'Family']",335 days/47 weeks,113.0
66,2024,The First Omen,https://www.boxofficemojo.com/release/rl591495169/?ref_=bo_yld_table_66,20092802.0,3375,8353710.0,0.41600000000000004,3375,Apr 5,Walt Disney Studios Motion Pictures,R,1 hr 59 min,['Horror'],356 days/50 weeks,119.0
67,2024,Cabrini,https://www.boxofficemojo.com/release/rl776962049/?ref_=bo_yld_table_67,19512134.0,2850,7168520.0,0.36700000000000005,2840,Mar 8,Angel Studios,PG-13,2 hr 22 min,"['Biography', 'Drama']",384 days/54 weeks,142.0
68,2024,Ordinary Angels,https://www.boxofficemojo.com/release/rl226919169/?ref_=bo_yld_table_68,19174421.0,3020,6163600.0,0.321,3020,Feb 23,Lionsgate,PG,1 hr 58 min,"['Biography', 'Drama']",398 days/56 weeks,118.0
69,2024,The Watchers,https://www.boxofficemojo.com/release/rl2180940545/?ref_=bo_yld_table_69,19071404.0,3351,7003537.0,0.36700000000000005,3351,Jun 7,Warner Bros.,PG-13,1 hr 42 min,"['Fantasy', 'Horror', 'Mystery', 'Thriller']",293 days/41 weeks,102.0
70,2024,Tarot,https://www.boxofficemojo.com/release/rl3080028929/?ref_=bo_yld_table_70,18771004.0,3104,6503012.0,0.34600000000000003,3104,May 3,Screen Gems,PG-13,1 hr 32 min,['Horror'],328 days/46 weeks,92.0
71,2024,Kalki 2898 AD,https://www.boxofficemojo.com/release/rl2876276737/?ref_=bo_yld_table_71,18289575.0,1049,5668275.0,0.31,1049,Jun 27,Prathyangira Cinemas,,3 hr,"['Action', 'Adventure', 'Drama', 'Fantasy', 'Sci-Fi', 'Thriller']",273 days/39 weeks,180.0
72,2024,Demon Slayer: Kimetsu No Yaiba - To the Hashira Training,https://www.boxofficemojo.com/release/rl709394433/?ref_=bo_yld_table_72,17657658.0,1949,11505414.0,0.652,1949,Feb 23,Sony Pictures Releasing,R,1 hr 44 min,"['Action', 'Adventure', 'Animation', 'Fantasy', 'Thriller']",398 days/56 weeks,104.0
73,2024,Harold and the Purple Crayon,https://www.boxofficemojo.com/release/rl2031190785/?ref_=bo_yld_table_73,17640924.0,3325,6003197.0,0.34,3325,Aug 2,Columbia Pictures,PG,1 hr 30 min,"['Adventure', 'Animation', 'Comedy', 'Family', 'Fantasy']",237 days/33 weeks,90.0
74,2024,The Substance,https://www.boxofficemojo.com/release/rl2684977153/?ref_=bo_yld_table_74,17584795.0,1949,3205212.0,0.182,1949,Sep 20,MUBI,R,2 hr 21 min,"['Drama', 'Horror', 'Sci-Fi']",188 days/26 weeks,141.0
75,2024,The Brutalist,https://www.boxofficemojo.com/release/rl856522753/?ref_=bo_yld_table_75,16279129.0,1612,266791.0,0.016,6,Dec 20,A24,R,3 hr 36 min,['Drama'],97 days/13 weeks,216.0
76,2024,Immaculate,https://www.boxofficemojo.com/release/rl2219802625/?ref_=bo_yld_table_76,15671307.0,2362,5338921.0,0.341,2354,Mar 22,Neon,R,1 hr 29 min,"['Horror', 'Thriller']",370 days/52 weeks,89.0
77,2024,Borderlands,https://www.boxofficemojo.com/release/rl3466691329/?ref_=bo_yld_table_77,15482668.0,3125,8601572.0,0.556,3125,Aug 9,Lionsgate,PG-13,1 hr 41 min,"['Action', 'Adventure', 'Comedy', 'Sci-Fi', 'Thriller']",230 days/32 weeks,101.0
78,2024,Interstellar,https://www.boxofficemojo.com/release/rl1231060993/?ref_=bo_yld_table_78,15207563.0,321,4602149.0,0.303,165,Dec 6,Paramount Pictures,PG-13,2 hr 49 min,"['Adventure', 'Drama', 'Sci-Fi']",111 days/15 weeks,169.0
79,2024,MaXXXine,https://www.boxofficemojo.com/release/rl4208624385/?ref_=bo_yld_table_79,15097632.0,2450,6705038.0,0.444,2450,Jul 5,A24,R,1 hr 43 min,"['Crime', 'Horror']",265 days/37 weeks,103.0
80,2024,The Chosen: S4 Episodes 1-3,https://www.boxofficemojo.com/release/rl2209514241/?ref_=bo_yld_table_80,14409169.0,2280,5949435.0,0.413,2280,Feb 1,Fathom Events,,1 hr 20 min,[],420 days/60 weeks,80.0
81,2024,Star Wars: Episode I - The Phantom Menace,https://www.boxofficemojo.com/release/rl1901887489/?ref_=bo_yld_table_81,13029994.0,2700,8723194.0,0.669,2700,May 3,Walt Disney Studios Motion Pictures,PG,2 hr 16 min,"['Action', 'Adventure', 'Fantasy', 'Sci-Fi']",328 days/46 weeks,136.0
82,2024,Pushpa: The Rule - Part 2,https://www.boxofficemojo.com/release/rl471760897/?ref_=bo_yld_table_82,13000000.0,1245,9300000.0,,1245,Dec 5,AA Films,,3 hr 21 min,"['Action', 'Crime', 'Drama', 'Thriller']",112 days/16 weeks,201.0
83,2024,Am I Racist?,https://www.boxofficemojo.com/release/rl3329982465/?ref_=bo_yld_table_83,12311598.0,1600,4544063.0,0.369,1517,Sep 13,SDG Releasing,PG-13,1 hr 40 min,"['Comedy', 'Documentary']",195 days/27 weeks,100.0
84,2024,Here,https://www.boxofficemojo.com/release/rl2858385409/?ref_=bo_yld_table_84,12237270.0,2732,4875195.0,0.39799999999999996,2647,Nov 1,Sony Pictures Releasing,PG-13,1 hr 44 min,['Drama'],146 days/20 weeks,104.0
85,2024,Bonhoeffer,https://www.boxofficemojo.com/release/rl2775351297/?ref_=bo_yld_table_85,12222383.0,1900,5047975.0,0.413,1900,Nov 22,Angel Studios,PG-13,2 hr 13 min,"['Biography', 'Drama', 'History', 'Thriller']",125 days/17 weeks,133.0
86,2024,Sound of Hope: The Story of Possum Trot,https://www.boxofficemojo.com/release/rl812417025/?ref_=bo_yld_table_86,11647099.0,2200,3078758.0,0.264,2200,Jul 4,Angel Studios,PG-13,2 hr 10 min,['Drama'],266 days/38 weeks,130.0
87,2024,Never Let Go,https://www.boxofficemojo.com/release/rl3160506369/?ref_=bo_yld_table_87,10306106.0,2667,4449065.0,0.43200000000000005,2667,Sep 20,Lionsgate,R,1 hr 41 min,"['Horror', 'Thriller']",188 days/26 weeks,101.0
88,2024,Late Night with the Devil,https://www.boxofficemojo.com/release/rl2353299457/?ref_=bo_yld_table_88,10001000.0,1442,2834867.0,0.28300000000000003,1034,Mar 22,IFC Films,R,1 hr 33 min,['Horror'],370 days/52 weeks,93.0
89,2024,Lisa Frankenstein,https://www.boxofficemojo.com/release/rl1722974977/?ref_=bo_yld_table_89,9774285.0,3144,3695785.0,0.37799999999999995,3144,Feb 9,Focus Features,PG-13,1 hr 41 min,"['Comedy', 'Horror', 'Romance']",327 days/46 weeks,101.0
90,2024,Piece by Piece,https://www.boxofficemojo.com/release/rl508461057/?ref_=bo_yld_table_90,9756635.0,1873,3851355.0,0.395,1865,Oct 11,Focus Features,PG,1 hr 33 min,"['Animation', 'Biography', 'Comedy', 'Family', 'Musical']",167 days/23 weeks,93.0
91,2024,Saturday Night,https://www.boxofficemojo.com/release/rl1736278017/?ref_=bo_yld_table_91,9511315.0,2336,270487.0,0.027999999999999997,5,Sep 27,Sony Pictures Releasing,R,1 hr 49 min,"['Biography', 'Comedy', 'Drama', 'History']",181 days/25 weeks,109.0
92,2024,The Chosen: S4 Episodes 4-6,https://www.boxofficemojo.com/release/rl2259845889/?ref_=bo_yld_table_92,9482744.0,2272,3622287.0,0.382,2272,Feb 15,Fathom Events,,1 hr 5 min,[],321 days/45 weeks,65.0
93,2024,The Crow,https://www.boxofficemojo.com/release/rl3110174721/?ref_=bo_yld_table_93,9275659.0,2752,4644666.0,0.501,2752,Aug 23,Lionsgate,R,1 hr 51 min,"['Action', 'Crime', 'Fantasy', 'Horror', 'Romance', 'Thriller']",216 days/30 weeks,111.0
94,2024,The Lord of the Rings: The War of the Rohirrim,https://www.boxofficemojo.com/release/rl3123675905/?ref_=bo_yld_table_94,9158572.0,2602,4552109.0,0.49700000000000005,2602,Dec 13,Warner Bros.,PG-13,2 hr 14 min,"['Action', 'Adventure', 'Animation', 'Drama', 'Fantasy']",104 days/14 weeks,134.0
95,2024,Thelma,https://www.boxofficemojo.com/release/rl4050812929/?ref_=bo_yld_table_95,9002073.0,1290,2303222.0,0.256,1290,Jun 21,Magnolia Pictures,PG-13,1 hr 38 min,"['Action', 'Comedy']",279 days/39 weeks,98.0
96,2024,A Real Pain,https://www.boxofficemojo.com/release/rl3277815809/?ref_=bo_yld_table_96,8344978.0,1185,228856.0,0.027000000000000003,4,Nov 1,Searchlight Pictures,R,1 hr 30 min,"['Comedy', 'Drama']",146 days/20 weeks,90.0
97,2024,Love Lies Bleeding,https://www.boxofficemojo.com/release/rl3578626049/?ref_=bo_yld_table_97,8335797.0,1828,150765.0,0.018000000000000002,5,Mar 8,A24,R,1 hr 44 min,"['Action', 'Adventure', 'Crime', 'Mystery', 'Romance', 'Thriller']",384 days/54 weeks,104.0
98,2024,Spy x Family Code: White,https://www.boxofficemojo.com/release/rl3075571713/?ref_=bo_yld_table_98,8110042.0,2009,4824993.0,0.595,2009,Apr 19,Crunchyroll,PG-13,1 hr 50 min,"['Action', 'Animation', 'Comedy', 'Thriller']",342 days/48 weeks,110.0
99,2024,The Fire Inside,https://www.boxofficemojo.com/release/rl2778432257/?ref_=bo_yld_table_99,8093190.0,2032,1958551.0,0.242,2006,Dec 25,Amazon MGM Studios,PG-13,1 hr 49 min,"['Biography', 'Drama', 'Sport']",92 days/13 weeks,109.0
100,2024,The Chosen: S4 Episodes 7-8,https://www.boxofficemojo.com/release/rl4189225729/?ref_=bo_yld_table_100,7729152.0,2215,3286746.0,0.425,2215,Feb 29,Fathom Events,,,[],392 days/56 weeks,
101,2024,Megalopolis,https://www.boxofficemojo.com/release/rl2238742529/?ref_=bo_yld_table_101,7629085.0,1854,4007797.0,0.525,1854,Sep 27,Lionsgate,R,2 hr 18 min,"['Drama', 'Fantasy', 'Sci-Fi']",181 days/25 weeks,138.0
102,2024,Sight,https://www.boxofficemojo.com/release/rl3532423937/?ref_=bo_yld_table_102,7206741.0,2118,2795447.0,0.38799999999999996,2100,May 24,Angel Studios,PG-13,1 hr 43 min,"['Biography', 'Drama', 'History']",307 days/43 weeks,103.0
103,2024,Haikyu!! The Dumpster Battle,https://www.boxofficemojo.com/release/rl1130463233/?ref_=bo_yld_table_103,7071622.0,1119,3645301.0,0.515,1119,May 31,Crunchyroll,PG-13,1 hr 25 min,"['Animation', 'Comedy', 'Drama', 'Sport']",300 days/42 weeks,85.0
104,2024,Afraid,https://www.boxofficemojo.com/release/rl183862017/?ref_=bo_yld_table_104,6725687.0,3003,3665664.0,0.545,3003,Aug 30,Sony Pictures Releasing,PG-13,1 hr 24 min,"['Horror', 'Mystery', 'Sci-Fi', 'Thriller']",209 days/29 weeks,84.0
105,2024,I.S.S.,https://www.boxofficemojo.com/release/rl2101706753/?ref_=bo_yld_table_105,6573799.0,2518,3064583.0,0.466,2518,Jan 19,Bleecker Street Media,R,1 hr 35 min,"['Sci-Fi', 'Thriller']",348 days/49 weeks,95.0
106,2024,Cuckoo,https://www.boxofficemojo.com/release/rl693927937/?ref_=bo_yld_table_106,6217733.0,1503,3030437.0,0.48700000000000004,1503,Aug 9,Neon,R,1 hr 42 min,"['Horror', 'Mystery', 'Thriller']",230 days/32 weeks,102.0
107,2024,Back to Black,https://www.boxofficemojo.com/release/rl4114907137/?ref_=bo_yld_table_107,6178165.0,2013,2835720.0,0.45899999999999996,2010,May 17,Focus Features,R,2 hr 2 min,"['Biography', 'Drama', 'Music']",314 days/44 weeks,122.0
108,2024,The Book of Clarence,https://www.boxofficemojo.com/release/rl3598877441/?ref_=bo_yld_table_108,6132813.0,2010,2557027.0,0.41700000000000004,2010,Jan 12,Sony Pictures Releasing,PG-13,2 hr 9 min,"['Adventure', 'Comedy', 'Drama', 'History']",355 days/50 weeks,129.0
109,2024,The Nightmare Before Christmas,https://www.boxofficemojo.com/release/rl2634973185/?ref_=bo_yld_table_109,6124705.0,1860,2419235.0,0.395,1700,Oct 11,Walt Disney Studios Motion Pictures,PG,1 hr 16 min,"['Animation', 'Family', 'Fantasy', 'Musical']",167 days/23 weeks,76.0
110,2024,Columbia 100th Anniversary Series,https://www.boxofficemojo.com/release/rl4217536513/?ref_=bo_yld_table_110,6013515.0,466,18856.0,0.003,466,Apr 15,Sony Pictures Releasing,,17 hr 55 min,[],346 days/49 weeks,1075.0
111,2024,Someone Like You,https://www.boxofficemojo.com/release/rl1029799937/?ref_=bo_yld_table_111,5937306.0,1802,2979692.0,0.502,1802,Apr 5,Fathom Events,PG,1 hr 58 min,['Romance'],356 days/50 weeks,118.0
112,2024,One Life,https://www.boxofficemojo.com/release/rl1045987329/?ref_=bo_yld_table_112,5716885.0,1009,1713505.0,0.3,983,Mar 15,Bleecker Street Media,PG,1 hr 49 min,"['Biography', 'Drama', 'History']",377 days/53 weeks,109.0
113,2024,Devara Part 1,https://www.boxofficemojo.com/release/rl537755649/?ref_=bo_yld_table_113,5600000.0,1040,5600000.0,,1040,Sep 26,Prathyangira Cinemas,,2 hr 56 min,"['Action', 'Drama', 'Thriller']",182 days/26 weeks,176.0
114,2024,The Killer's Game,https://www.boxofficemojo.com/release/rl1584037889/?ref_=bo_yld_table_114,5404378.0,2623,2697850.0,0.499,2623,Sep 13,Lionsgate,R,1 hr 44 min,"['Action', 'Comedy', 'Thriller']",195 days/27 weeks,104.0
115,2024,My Old Ass,https://www.boxofficemojo.com/release/rl1534951425/?ref_=bo_yld_table_115,5372282.0,1390,167853.0,0.031,7,Sep 13,Amazon MGM Studios,R,1 hr 29 min,"['Comedy', 'Drama', 'Romance']",195 days/27 weeks,89.0
116,2024,White Bird,https://www.boxofficemojo.com/release/rl3681714945/?ref_=bo_yld_table_116,5069171.0,1038,1557893.0,0.307,1018,Oct 4,Lionsgate,PG-13,2 hr 1 min,"['Biography', 'Drama', 'Family', 'War']",174 days/24 weeks,121.0
117,2024,My Hero Academia: You're Next,https://www.boxofficemojo.com/release/rl1735819265/?ref_=bo_yld_table_117,5041781.0,1845,3007027.0,0.596,1845,Oct 11,Toho International,PG-13,1 hr 50 min,"['Action', 'Adventure', 'Animation', 'Sci-Fi']",167 days/23 weeks,110.0
118,2024,Kinds of Kindness,https://www.boxofficemojo.com/release/rl1784381441/?ref_=bo_yld_table_118,5038931.0,920,377289.0,0.075,5,Jun 21,Searchlight Pictures,R,2 hr 44 min,"['Comedy', 'Drama', 'Horror']",279 days/39 weeks,164.0
119,2024,Drive-Away Dolls,https://www.boxofficemojo.com/release/rl948929281/?ref_=bo_yld_table_119,5028215.0,2280,2404330.0,0.478,2280,Feb 23,Focus Features,R,1 hr 24 min,"['Action', 'Comedy', 'Thriller']",313 days/44 weeks,84.0
120,2024,I Saw the TV Glow,https://www.boxofficemojo.com/release/rl660111361/?ref_=bo_yld_table_120,5017817.0,469,119015.0,0.024,4,May 3,A24,PG-13,1 hr 40 min,"['Drama', 'Horror']",328 days/46 weeks,100.0
121,2024,Wicked Little Letters,https://www.boxofficemojo.com/release/rl2539618305/?ref_=bo_yld_table_121,5008179.0,1009,76654.0,0.015,5,Mar 29,Sony Pictures Releasing,R,1 hr 40 min,"['Comedy', 'Crime', 'Drama', 'History', 'Mystery']",363 days/51 weeks,100.0
122,2024,Dìdi,https://www.boxofficemojo.com/release/rl4266885121/?ref_=bo_yld_table_122,4839360.0,435,207307.0,0.043,5,Jul 26,Focus Features,R,1 hr 33 min,"['Comedy', 'Drama']",244 days/34 weeks,93.0
123,2024,The Last Showgirl,https://www.boxofficemojo.com/release/rl3491856385/?ref_=bo_yld_table_123,4789743.0,946,77589.0,,1,Dec 13,Roadside Attractions,R,1 hr 28 min,['Drama'],104 days/14 weeks,88.0
124,2024,Flow,https://www.boxofficemojo.com/release/rl922845185/?ref_=bo_yld_table_124,4700861.0,377,50811.0,0.011000000000000001,2,Nov 22,Janus Films,PG,1 hr 25 min,"['Adventure', 'Animation', 'Family', 'Fantasy']",125 days/17 weeks,85.0
125,2024,Land of Bad,https://www.boxofficemojo.com/release/rl3091824641/?ref_=bo_yld_table_125,4620045.0,1317,1840510.0,0.39799999999999996,1130,Feb 16,The Avenue Entertainment,R,1 hr 53 min,"['Action', 'Thriller']",405 days/57 weeks,113.0
126,2024,The Exorcism,https://www.boxofficemojo.com/release/rl3916201985/?ref_=bo_yld_table_126,4530418.0,2240,2457041.0,0.542,2240,Jun 21,Vertical Entertainment,R,1 hr 35 min,"['Horror', 'Thriller']",279 days/39 weeks,95.0
127,2024,Y2K,https://www.boxofficemojo.com/release/rl4218716161/?ref_=bo_yld_table_127,4446596.0,2108,2113923.0,0.475,2108,Dec 6,A24,R,1 hr 31 min,"['Comedy', 'Horror', 'Sci-Fi']",111 days/15 weeks,91.0
128,2024,In a Violent Nature,https://www.boxofficemojo.com/release/rl2237497345/?ref_=bo_yld_table_128,4229999.0,1426,2155346.0,0.51,1426,May 31,IFC Films,,1 hr 34 min,"['Drama', 'Horror', 'Thriller']",300 days/42 weeks,94.0
129,2024,For King + Country: A Drummer Boy Christmas - Live,https://www.boxofficemojo.com/release/rl2098823169/?ref_=bo_yld_table_129,4227406.0,1540,2263645.0,0.535,1540,Dec 5,Fathom Events,,1 hr 30 min,['Music'],112 days/16 weeks,90.0
130,2024,The Apprentice,https://www.boxofficemojo.com/release/rl3423567873/?ref_=bo_yld_table_130,4001904.0,1740,1613233.0,0.40299999999999997,1740,Oct 11,Briarcliff Entertainment,R,2 hr 2 min,"['Biography', 'Drama', 'History']",167 days/23 weeks,122.0
131,2024,Babes,https://www.boxofficemojo.com/release/rl3328147457/?ref_=bo_yld_table_131,3800038.0,1118,163130.0,0.043,12,May 17,Neon,R,1 hr 44 min,['Comedy'],314 days/44 weeks,104.0
132,2024,Perfect Days,https://www.boxofficemojo.com/release/rl1380614145/?ref_=bo_yld_table_132,3766668.0,271,100924.0,0.027000000000000003,6,Feb 7,Neon,PG,2 hr 4 min,['Drama'],414 days/59 weeks,124.0
133,2024,Queer,https://www.boxofficemojo.com/release/rl806191105/?ref_=bo_yld_table_133,3736813.0,460,200951.0,0.054000000000000006,7,Nov 27,A24,R,2 hr 17 min,"['Biography', 'Drama', 'History', 'Romance']",120 days/17 weeks,137.0
134,2024,Shrek 2,https://www.boxofficemojo.com/release/rl3143663617/?ref_=bo_yld_table_134,3427910.0,1512,1455260.0,0.425,1512,Apr 12,DreamWorks,PG,1 hr 33 min,"['Adventure', 'Animation', 'Comedy', 'Family', 'Fantasy', 'Romance']",349 days/49 weeks,93.0
135,2024,Solo Leveling: ReAwakening,https://www.boxofficemojo.com/release/rl1091076097/?ref_=bo_yld_table_135,3350693.0,846,2452895.0,0.732,846,Dec 6,Sony Pictures Releasing,R,2 hr 1 min,"['Action', 'Adventure', 'Animation', 'Fantasy']",111 days/15 weeks,121.0
136,2024,God's Not Dead: In God We Trust,https://www.boxofficemojo.com/release/rl359956481/?ref_=bo_yld_table_136,3269322.0,1392,1503593.0,0.46,1392,Sep 12,Fathom Events,,1 hr 36 min,['Drama'],196 days/28 weeks,96.0
137,2024,The Lord of the Rings: The Fellowship of the Ring,https://www.boxofficemojo.com/release/rl1515814913/?ref_=bo_yld_table_137,3256658.0,1529,2456745.0,0.754,1529,Jun 7,Fathom Events,PG-13,2 hr 58 min,"['Adventure', 'Drama', 'Fantasy']",293 days/41 weeks,178.0
138,2024,2024 Oscar Nominated Short Films: Documentary,https://www.boxofficemojo.com/release/rl3427958785/?ref_=bo_yld_table_138,3162293.0,367,845202.0,0.267,367,Feb 16,ShortsTV,,2 hr 13 min,[],405 days/57 weeks,133.0
139,2024,The Front Room,https://www.boxofficemojo.com/release/rl2993455105/?ref_=bo_yld_table_139,3092269.0,2095,1585440.0,0.513,2095,Sep 6,A24,R,1 hr 34 min,"['Horror', 'Thriller']",202 days/28 weeks,94.0
140,2024,Strange Darling,https://www.boxofficemojo.com/release/rl3875766273/?ref_=bo_yld_table_140,3083595.0,1135,1142928.0,0.371,1135,Aug 23,-,R,1 hr 37 min,"['Horror', 'Thriller']",216 days/30 weeks,97.0
141,2024,The Long Game,https://www.boxofficemojo.com/release/rl1080066049/?ref_=bo_yld_table_141,3060040.0,1030,1300398.0,0.425,1030,Apr 12,-,PG,1 hr 52 min,"['Drama', 'History', 'Sport']",349 days/49 weeks,112.0
142,2024,Jesus Thirsts: The Miracle of the Eucharist,https://www.boxofficemojo.com/release/rl1666940929/?ref_=bo_yld_table_142,2927121.0,1112,0.0,,0,Jun 4,Fathom Events,,1 hr 30 min,['Documentary'],296 days/42 weeks,90.0
143,2024,1992,https://www.boxofficemojo.com/release/rl1916895233/?ref_=bo_yld_table_143,2906073.0,875,1418905.0,0.488,875,Aug 30,Lionsgate,R,1 hr 37 min,"['Action', 'Drama', 'Thriller']",209 days/29 weeks,97.0
144,2024,Nickel Boys,https://www.boxofficemojo.com/release/rl677871617/?ref_=bo_yld_table_144,2858346.0,540,54794.0,0.019,2,Dec 13,Amazon MGM Studios,PG-13,2 hr 20 min,['Drama'],104 days/14 weeks,140.0
145,2024,The Fabulous Four,https://www.boxofficemojo.com/release/rl2239397889/?ref_=bo_yld_table_145,2854291.0,1045,1042021.0,0.365,1045,Jul 26,Bleecker Street Media,R,1 hr 38 min,['Comedy'],244 days/34 weeks,98.0
146,2024,My Penguin Friend,https://www.boxofficemojo.com/release/rl526942209/?ref_=bo_yld_table_146,2769460.0,1083,1033435.0,0.373,1083,Aug 16,Roadside Attractions,PG,1 hr 37 min,"['Adventure', 'Drama', 'Family']",223 days/31 weeks,97.0
147,2024,Absolution,https://www.boxofficemojo.com/release/rl4128407553/?ref_=bo_yld_table_147,2716343.0,1500,1381692.0,0.509,1500,Nov 1,The Samuel Goldwyn Company,R,1 hr 52 min,"['Action', 'Crime', 'Drama', 'Mystery', 'Thriller']",146 days/20 weeks,112.0
148,2024,The Taste of Things,https://www.boxofficemojo.com/release/rl3267265281/?ref_=bo_yld_table_148,2654510.0,505,130050.0,0.049,3,Feb 9,IFC Films,PG-13,2 hr 15 min,"['Drama', 'History', 'Romance']",412 days/58 weeks,135.0
149,2024,GHOST: Rite Here Rite Now,https://www.boxofficemojo.com/release/rl4268916737/?ref_=bo_yld_table_149,2647702.0,755,1521550.0,,751,Jun 20,Trafalgar Releasing,,2 hr 25 min,['Music'],280 days/40 weeks,145.0
150,2024,Ezra,https://www.boxofficemojo.com/release/rl3211558913/?ref_=bo_yld_table_150,2631460.0,1320,1242678.0,0.47200000000000003,1320,May 31,Bleecker Street Media,R,1 hr 41 min,"['Comedy', 'Drama']",300 days/42 weeks,101.0
151,2024,Sight & Sound Presents: Daniel LIVE,https://www.boxofficemojo.com/release/rl3607461889/?ref_=bo_yld_table_151,2629933.0,851,1979305.0,0.753,851,Aug 30,Fathom Events,,,['Musical'],209 days/29 weeks,
152,2024,Boy Kills World,https://www.boxofficemojo.com/release/rl3579478017/?ref_=bo_yld_table_152,2626127.0,1993,1682525.0,0.6409999999999999,1993,Apr 26,Roadside Attractions,R,1 hr 51 min,"['Action', 'Crime', 'Thriller']",335 days/47 weeks,111.0
153,2024,"Hello, Love, Again",https://www.boxofficemojo.com/release/rl119046145/?ref_=bo_yld_table_153,2625000.0,248,2326000.0,,248,Nov 14,-,,2 hr 2 min,"['Drama', 'Romance']",133 days/19 weeks,122.0
154,2024,Escape from Germany,https://www.boxofficemojo.com/release/rl190087169/?ref_=bo_yld_table_154,2616475.0,131,168019.0,0.064,40,Apr 12,Susan Tuckett Media,PG,1 hr 37 min,"['Drama', 'History', 'War']",349 days/49 weeks,97.0
155,2024,Jung Kook: I Am Still,https://www.boxofficemojo.com/release/rl1929478145/?ref_=bo_yld_table_155,2574318.0,769,1425748.0,,769,Sep 18,Trafalgar Releasing,,1 hr 30 min,"['Documentary', 'Music']",190 days/27 weeks,90.0
156,2024,Stree 2,https://www.boxofficemojo.com/release/rl2332131329/?ref_=bo_yld_table_156,2570000.0,666,2570000.0,,666,Aug 16,Parthenos,,2 hr 27 min,"['Comedy', 'Horror']",223 days/31 weeks,147.0
157,2024,The Lord of the Rings: The Two Towers,https://www.boxofficemojo.com/release/rl1566146561/?ref_=bo_yld_table_157,2566412.0,1549,1907130.0,0.743,1549,Jun 7,Fathom Events,PG-13,2 hr 59 min,"['Adventure', 'Drama', 'Fantasy']",293 days/41 weeks,179.0
158,2024,The Blue Angels,https://www.boxofficemojo.com/release/rl2657845249/?ref_=bo_yld_table_158,2560945.0,450,1404820.0,0.5489999999999999,227,May 17,Amazon MGM Studios,G,1 hr 33 min,['Documentary'],314 days/44 weeks,93.0
159,2024,The Room Next Door,https://www.boxofficemojo.com/release/rl1327661057/?ref_=bo_yld_table_159,2509821.0,861,105013.0,0.042,6,Dec 20,Sony Pictures Classics,PG-13,1 hr 47 min,['Drama'],97 days/13 weeks,107.0
160,2024,September 5,https://www.boxofficemojo.com/release/rl2383183873/?ref_=bo_yld_table_160,2508723.0,398,80802.0,0.032,7,Dec 13,Paramount Pictures International,R,1 hr 35 min,"['Drama', 'History', 'Thriller']",104 days/14 weeks,95.0
161,2024,Problemista,https://www.boxofficemojo.com/release/rl647529217/?ref_=bo_yld_table_161,2503154.0,379,131521.0,0.053,5,Mar 1,A24,R,1 hr 44 min,['Comedy'],391 days/55 weeks,104.0
162,2024,The American Society of Magical Negroes,https://www.boxofficemojo.com/release/rl2143191809/?ref_=bo_yld_table_162,2480645.0,1153,1304270.0,0.526,1147,Mar 15,Focus Features,PG-13,1 hr 44 min,"['Comedy', 'Fantasy']",377 days/53 weeks,104.0
163,2024,The Lord of the Rings: The Return of the King,https://www.boxofficemojo.com/release/rl1348042753/?ref_=bo_yld_table_163,2450927.0,1172,0.0,,0,Jun 10,Fathom Events,PG-13,3 hr 21 min,"['Adventure', 'Drama', 'Fantasy']",290 days/41 weeks,201.0
164,2024,Summer Camp,https://www.boxofficemojo.com/release/rl308838401/?ref_=bo_yld_table_164,2403638.0,1787,1086602.0,0.452,1787,May 31,Roadside Attractions,PG-13,1 hr 35 min,['Comedy'],300 days/42 weeks,95.0
165,2024,Sing Sing,https://www.boxofficemojo.com/release/rl794591233/?ref_=bo_yld_table_165,2403211.0,191,137119.0,0.057,4,Jul 12,A24,R,1 hr 47 min,['Drama'],258 days/36 weeks,107.0
166,2024,Howl's Moving Castle,https://www.boxofficemojo.com/release/rl2539094017/?ref_=bo_yld_table_166,2384690.0,1592,2109935.0,0.885,1592,Sep 26,Fathom Events,PG,1 hr 59 min,"['Adventure', 'Animation', 'Family', 'Fantasy']",182 days/26 weeks,119.0
167,2024,Interstella 5555: The 5tory of the 5ecret 5tar 5ystem,https://www.boxofficemojo.com/release/rl1897168897/?ref_=bo_yld_table_167,2328339.0,641,2328339.0,,641,Dec 12,Trafalgar Releasing,,1 hr 8 min,"['Adventure', 'Animation', 'Music', 'Sci-Fi']",105 days/15 weeks,68.0
168,2024,Hitpig,https://www.boxofficemojo.com/release/rl2189066241/?ref_=bo_yld_table_168,2324019.0,2107,1154144.0,0.49700000000000005,2107,Nov 1,Viva Pictures,PG,1 hr 26 min,"['Action', 'Adventure', 'Animation', 'Comedy', 'Crime', 'Family']",146 days/20 weeks,86.0
169,2024,Elevation,https://www.boxofficemojo.com/release/rl2826403841/?ref_=bo_yld_table_169,2321801.0,1416,1216578.0,0.524,1416,Nov 8,Vertical Entertainment,R,1 hr 31 min,"['Action', 'Sci-Fi', 'Thriller']",139 days/19 weeks,91.0
170,2024,Exhuma,https://www.boxofficemojo.com/release/rl123305985/?ref_=bo_yld_table_170,2310900.0,70,60512.0,0.026000000000000002,3,Mar 15,Well Go USA Entertainment,,2 hr 14 min,"['Drama', 'Horror', 'Mystery', 'Thriller']",377 days/53 weeks,134.0
171,2024,Alien,https://www.boxofficemojo.com/release/rl3362095105/?ref_=bo_yld_table_171,2305647.0,1750,1550424.0,0.672,1750,Apr 26,Walt Disney Studios Motion Pictures,R,1 hr 57 min,"['Horror', 'Sci-Fi']",335 days/47 weeks,117.0
172,2024,In the Land of Saints and Sinners,https://www.boxofficemojo.com/release/rl1012891649/?ref_=bo_yld_table_172,2258795.0,896,1034132.0,0.45799999999999996,896,Mar 29,The Samuel Goldwyn Company,R,1 hr 46 min,"['Action', 'Crime', 'Thriller']",363 days/51 weeks,106.0
173,2024,Bhool Bhulaiyaa 3,https://www.boxofficemojo.com/release/rl4111826945/?ref_=bo_yld_table_173,2230000.0,754,2230000.0,,754,Nov 1,-,,2 hr 38 min,"['Comedy', 'Fantasy', 'Horror']",146 days/20 weeks,158.0
174,2024,The Lion King,https://www.boxofficemojo.com/release/rl628719617/?ref_=bo_yld_table_174,2195943.0,1330,1055070.0,0.48,1330,Jul 12,Walt Disney Studios Motion Pictures,G,1 hr 28 min,"['Adventure', 'Animation', 'Drama', 'Family', 'Fantasy', 'Musical']",258 days/36 weeks,88.0
175,2024,Singham Again,https://www.boxofficemojo.com/release/rl3893723137/?ref_=bo_yld_table_175,2190000.0,749,2190000.0,,749,Nov 1,-,,2 hr 24 min,"['Action', 'Drama']",146 days/20 weeks,144.0
176,2024,Average Joe,https://www.boxofficemojo.com/release/rl2407038977/?ref_=bo_yld_table_176,2106965.0,1713,1142467.0,0.542,1713,Oct 11,Fathom Events,PG-13,1 hr 40 min,['Family'],167 days/23 weeks,100.0
177,2024,The Ark and the Darkness,https://www.boxofficemojo.com/release/rl71991297/?ref_=bo_yld_table_177,2097560.0,1030,32021.0,0.015,76,Mar 20,Fathom Events,,2 hr 5 min,['Documentary'],372 days/53 weeks,125.0
178,2024,Between the Temples,https://www.boxofficemojo.com/release/rl1778614273/?ref_=bo_yld_table_178,2084122.0,576,647757.0,0.311,576,Aug 23,Sony Pictures Classics,R,1 hr 51 min,['Comedy'],216 days/30 weeks,111.0
179,2024,The Order,https://www.boxofficemojo.com/release/rl612139009/?ref_=bo_yld_table_179,2010901.0,603,877855.0,0.43700000000000006,603,Dec 6,Vertical Entertainment,R,1 hr 56 min,"['Crime', 'Drama', 'Thriller']",111 days/15 weeks,116.0
180,2024,Lee,https://www.boxofficemojo.com/release/rl157843457/?ref_=bo_yld_table_180,2005488.0,854,713255.0,0.35600000000000004,854,Sep 27,Roadside Attractions,R,1 hr 57 min,"['Biography', 'Drama', 'History', 'War']",181 days/25 weeks,117.0
181,2024,Look Back,https://www.boxofficemojo.com/release/rl2063826945/?ref_=bo_yld_table_181,2002270.0,531,690171.0,0.345,531,Oct 4,GKIDS,,58 min,"['Animation', 'Drama']",174 days/24 weeks,58.0
182,2024,Yolo,https://www.boxofficemojo.com/release/rl4250501121/?ref_=bo_yld_table_182,2001584.0,200,827632.0,0.413,200,Mar 8,Sony Pictures Releasing,PG-13,2 hr 9 min,"['Action', 'Comedy', 'Drama', 'Sport']",384 days/54 weeks,129.0
183,2024,Queen Rock Montreal,https://www.boxofficemojo.com/release/rl2169470977/?ref_=bo_yld_table_183,2000000.0,387,2000000.0,,387,Jan 18,-,,1 hr 35 min,"['Documentary', 'Music']",349 days/49 weeks,95.0
184,2024,Better Man,https://www.boxofficemojo.com/release/rl3881074689/?ref_=bo_yld_table_184,1983648.0,1291,18259.0,0.009000000000000001,6,Dec 25,Paramount Pictures International,R,2 hr 15 min,"['Biography', 'Fantasy', 'Music', 'Musical']",92 days/13 weeks,135.0
185,2024,SUGA: Agust D Tour 'D-DAY' the Movie,https://www.boxofficemojo.com/release/rl459309057/?ref_=bo_yld_table_185,1951896.0,787,990881.0,0.508,787,Apr 10,Trafalgar Releasing,,1 hr 24 min,"['Documentary', 'Music']",351 days/50 weeks,84.0
186,2024,Out of Darkness,https://www.boxofficemojo.com/release/rl911245313/?ref_=bo_yld_table_186,1951547.0,897,979822.0,0.502,897,Feb 9,Bleecker Street Media,R,1 hr 28 min,"['Horror', 'Thriller']",327 days/46 weeks,88.0
187,2024,Werewolves,https://www.boxofficemojo.com/release/rl1433501697/?ref_=bo_yld_table_187,1903905.0,1351,1052998.0,0.5529999999999999,1351,Dec 6,Briarcliff Entertainment,R,1 hr 33 min,"['Action', 'Horror', 'Thriller']",111 days/15 weeks,93.0
188,2024,White Christmas,https://www.boxofficemojo.com/release/rl1774158593/?ref_=bo_yld_table_188,1871796.0,1087,1152087.0,0.615,1087,Dec 15,Fathom Events,,2 hr,"['Comedy', 'Musical', 'Romance']",102 days/14 weeks,120.0
189,2024,Tillu Square,https://www.boxofficemojo.com/release/rl2472509441/?ref_=bo_yld_table_189,1870000.0,450,1870000.0,,450,Mar 29,Friday Entertainment,,2 hr 17 min,"['Action', 'Comedy', 'Crime', 'Drama', 'Romance']",363 days/51 weeks,137.0
190,2024,Blue Lock: Episode Nagi,https://www.boxofficemojo.com/release/rl1180794881/?ref_=bo_yld_table_190,1855384.0,857,1043969.0,0.563,857,Jun 28,Crunchyroll,PG-13,1 hr 31 min,"['Animation', 'Drama', 'Sport', 'Thriller']",272 days/38 weeks,91.0
191,2024,The Firing Squad,https://www.boxofficemojo.com/release/rl476610561/?ref_=bo_yld_table_191,1757110.0,810,893100.0,0.508,810,Aug 2,Atlas Distribution Company,PG-13,1 hr 33 min,"['Adventure', 'Biography', 'Drama']",237 days/33 weeks,93.0
192,2024,Sam and Colby: The Legends of the Paranormal,https://www.boxofficemojo.com/release/rl856653825/?ref_=bo_yld_table_192,1755000.0,302,1755000.0,,302,Oct 4,AMC Theatres,,1 hr 38 min,"['Adventure', 'Documentary', 'Horror', 'Mystery']",174 days/24 weeks,98.0
193,2024,City of Dreams,https://www.boxofficemojo.com/release/rl326860801/?ref_=bo_yld_table_193,1713427.0,774,1245167.0,0.727,774,Aug 30,Roadside Attractions,R,1 hr 54 min,"['Drama', 'Thriller']",209 days/29 weeks,114.0
194,2024,Hocus Pocus,https://www.boxofficemojo.com/release/rl3356590081/?ref_=bo_yld_table_194,1706986.0,1595,863130.0,0.506,1480,Oct 18,Buena Vista International,PG,1 hr 36 min,"['Comedy', 'Family', 'Fantasy']",160 days/22 weeks,96.0
195,2024,Overlord: The Sacred Kingdom,https://www.boxofficemojo.com/release/rl84115457/?ref_=bo_yld_table_195,1650280.0,621,1112655.0,0.674,621,Nov 8,Sony Pictures Releasing,R,2 hr 15 min,"['Action', 'Adventure', 'Animation', 'Fantasy']",139 days/19 weeks,135.0
196,2024,Small Things Like These,https://www.boxofficemojo.com/release/rl2030272513/?ref_=bo_yld_table_196,1600956.0,799,596451.0,0.373,799,Nov 8,Roadside Attractions,PG-13,1 hr 38 min,"['Drama', 'History']",139 days/19 weeks,98.0
197,2024,The Mummy,https://www.boxofficemojo.com/release/rl3412426753/?ref_=bo_yld_table_197,1579230.0,1236,1026760.0,0.65,1236,Apr 26,Universal Pictures International (UPI),PG-13,2 hr 4 min,"['Action', 'Adventure', 'Fantasy']",335 days/47 weeks,124.0
198,2024,Jatt & Juliet 3,https://www.boxofficemojo.com/release/rl3933503489/?ref_=bo_yld_table_198,1515000.0,143,1515000.0,,143,Jun 28,Friday Entertainment,,2 hr 15 min,"['Comedy', 'Romance']",272 days/38 weeks,135.0
199,2024,Crew,https://www.boxofficemojo.com/release/rl2522841089/?ref_=bo_yld_table_199,1500000.0,486,1500000.0,,486,Mar 29,Friday Entertainment,,1 hr 58 min,"['Comedy', 'Drama']",363 days/51 weeks,118.0
200,2024,Turning Red,https://www.boxofficemojo.com/release/rl56787713/?ref_=bo_yld_table_200,1399001.0,1560,578047.0,0.413,1560,Feb 9,Walt Disney Studios Motion Pictures,PG,1 hr 40 min,"['Adventure', 'Animation', 'Comedy', 'Drama', 'Family', 'Fantasy', 'Music', 'Romance']",327 days/46 weeks,100.0
1,2025,Captain America: Brave New World,https://www.boxofficemojo.com/release/rl2597421825/?ref_=bo_yld_table_1,192958204.0,4105,88842603.0,0.46,4105,Feb 14,Walt Disney Studios Motion Pictures,PG-13,1 hr 58 min,"['Action', 'Adventure', 'Sci-Fi']",41 days/5 weeks,118.0
2,2025,Dog Man,https://www.boxofficemojo.com/release/rl3942942209/?ref_=bo_yld_table_2,96059395.0,3887,36001940.0,0.375,3885,Jan 31,DreamWorks Distribution,PG,1 hr 29 min,"['Action', 'Adventure', 'Animation', 'Comedy', 'Crime', 'Family', 'Fantasy', 'Sci-Fi']",55 days/7 weeks,89.0
3,2025,One of Them Days,https://www.boxofficemojo.com/release/rl4110974977/?ref_=bo_yld_table_3,49651692.0,2675,11807731.0,0.23800000000000002,2675,Jan 17,Sony Pictures Releasing,R,1 hr 37 min,['Comedy'],69 days/9 weeks,97.0
4,2025,Snow White,https://www.boxofficemojo.com/release/rl3856302849/?ref_=bo_yld_table_4,48722185.0,4200,42206415.0,0.866,4200,Mar 21,Walt Disney Studios Motion Pictures,PG,1 hr 49 min,"['Adventure', 'Family', 'Fantasy', 'Musical', 'Romance']",6 days,109.0
5,2025,Paddington in Peru,https://www.boxofficemojo.com/release/rl431260417/?ref_=bo_yld_table_5,44057525.0,3890,12761398.0,0.29,3890,Feb 14,Sony Pictures Releasing,PG,1 hr 46 min,"['Adventure', 'Comedy', 'Family', 'Mystery']",41 days/5 weeks,106.0
6,2025,Mickey 17,https://www.boxofficemojo.com/release/rl2465301249/?ref_=bo_yld_table_6,40950369.0,3807,19002852.0,0.46399999999999997,3807,Mar 7,Warner Bros.,R,2 hr 17 min,"['Adventure', 'Comedy', 'Fantasy', 'Sci-Fi']",20 days/2 weeks,137.0
7,2025,The Monkey,https://www.boxofficemojo.com/release/rl2385608705/?ref_=bo_yld_table_7,37973690.0,3227,14014649.0,0.369,3200,Feb 21,Neon,R,1 hr 38 min,['Horror'],34 days/4 weeks,98.0
8,2025,Den of Thieves: Pantera,https://www.boxofficemojo.com/release/rl1416265729/?ref_=bo_yld_table_8,36015016.0,3008,15022909.0,0.41700000000000004,3008,Jan 10,Lionsgate,R,2 hr 24 min,"['Action', 'Crime', 'Drama', 'Thriller']",76 days/10 weeks,144.0
9,2025,Heart Eyes,https://www.boxofficemojo.com/release/rl2533982209/?ref_=bo_yld_table_9,30400072.0,3102,8305156.0,0.273,3102,Feb 7,Paramount Pictures International,R,1 hr 37 min,"['Comedy', 'Horror', 'Mystery']",48 days/6 weeks,97.0
10,2025,Flight Risk,https://www.boxofficemojo.com/release/rl1365934081/?ref_=bo_yld_table_10,29783527.0,3161,11583488.0,0.389,3161,Jan 24,Lionsgate,R,1 hr 31 min,"['Action', 'Crime', 'Drama', 'Thriller']",62 days/8 weeks,91.0
11,2025,Companion,https://www.boxofficemojo.com/release/rl3781722113/?ref_=bo_yld_table_11,20809101.0,3285,9300113.0,0.447,3285,Jan 31,Warner Bros.,R,1 hr 37 min,"['Sci-Fi', 'Thriller']",55 days/7 weeks,97.0
12,2025,Wolf Man,https://www.boxofficemojo.com/release/rl3494150145/?ref_=bo_yld_table_12,20707280.0,3354,10897495.0,0.526,3354,Jan 17,Universal Pictures,R,1 hr 43 min,['Horror'],69 days/9 weeks,103.0
13,2025,Last Breath,https://www.boxofficemojo.com/release/rl4101275649/?ref_=bo_yld_table_13,20627770.0,3090,7851190.0,0.381,3018,Feb 28,Focus Features,PG-13,1 hr 33 min,"['Drama', 'Thriller']",27 days/3 weeks,93.0
14,2025,Ne Zha 2,https://www.boxofficemojo.com/release/rl1613856769/?ref_=bo_yld_table_14,19625569.0,945,7687776.0,0.392,945,Feb 14,CMC Pictures,,2 hr 23 min,"['Action', 'Adventure', 'Animation', 'Drama', 'Fantasy']",41 days/5 weeks,143.0
15,2025,Novocaine,https://www.boxofficemojo.com/release/rl3662970881/?ref_=bo_yld_table_15,16669464.0,3369,8809436.0,0.528,3365,Mar 14,Paramount Pictures International,R,1 hr 50 min,"['Action', 'Comedy', 'Thriller']",13 days/1 week,110.0
16,2025,Black Bag,https://www.boxofficemojo.com/release/rl1400602625/?ref_=bo_yld_table_16,15811020.0,2713,7607250.0,0.48100000000000004,2705,Mar 14,Focus Features,R,1 hr 33 min,"['Drama', 'Romance', 'Thriller']",13 days/1 week,93.0
17,2025,Love Hurts,https://www.boxofficemojo.com/release/rl1868267521/?ref_=bo_yld_table_17,15683090.0,3055,5800440.0,0.37,3055,Feb 7,Universal Pictures,R,1 hr 23 min,"['Action', 'Comedy']",48 days/6 weeks,83.0
18,2025,Becoming Led Zeppelin,https://www.boxofficemojo.com/release/rl1362067457/?ref_=bo_yld_table_18,10008820.0,1039,2578510.0,0.258,369,Feb 7,Sony Pictures Classics,PG-13,2 hr 2 min,"['Documentary', 'Music']",48 days/6 weeks,122.0
19,2025,The Day the Earth Blew Up: A Looney Tunes Movie,https://www.boxofficemojo.com/release/rl305627137/?ref_=bo_yld_table_19,7003009.0,2827,3158830.0,0.451,2827,Mar 14,Ketchup Entertainment,PG,1 hr 31 min,"['Adventure', 'Animation', 'Comedy', 'Family', 'Sci-Fi']",13 days/1 week,91.0
20,2025,Presence,https://www.boxofficemojo.com/release/rl4127621121/?ref_=bo_yld_table_20,6900044.0,1750,3328004.0,0.48200000000000004,1750,Jan 24,Neon,R,1 hr 24 min,"['Drama', 'Horror', 'Thriller']",62 days/8 weeks,84.0
21,2025,The Unbreakable Boy,https://www.boxofficemojo.com/release/rl520323841/?ref_=bo_yld_table_21,6432792.0,1717,2386041.0,0.371,1687,Feb 21,Lionsgate,PG,1 hr 49 min,['Drama'],34 days/4 weeks,109.0
22,2025,I'm Still Here,https://www.boxofficemojo.com/release/rl505839617/?ref_=bo_yld_table_22,6147824.0,762,113706.0,0.018000000000000002,5,Jan 17,Sony Pictures Classics,PG-13,2 hr 17 min,"['Biography', 'Drama', 'History']",69 days/9 weeks,137.0
23,2025,The Last Supper,https://www.boxofficemojo.com/release/rl2523137/?ref_=bo_yld_table_23,5334994.0,1575,2777234.0,0.521,1575,Mar 14,-,PG-13,1 hr 54 min,"['Drama', 'History']",13 days/1 week,114.0
24,2025,Chhaava,https://www.boxofficemojo.com/release/rl1664188417/?ref_=bo_yld_table_24,4800000.0,497,1790000.0,,497,Feb 14,Yash Raj Films,,2 hr 41 min,"['Action', 'Drama', 'History']",41 days/5 weeks,161.0
25,2025,Brave the Dark,https://www.boxofficemojo.com/release/rl1730707457/?ref_=bo_yld_table_25,4525443.0,2230,2288135.0,0.506,2230,Jan 24,Angel Studios,PG-13,1 hr 52 min,['Drama'],62 days/8 weeks,112.0
26,2025,The Alto Knights,https://www.boxofficemojo.com/release/rl713917185/?ref_=bo_yld_table_26,3953214.0,2651,3165349.0,0.8009999999999999,2651,Mar 21,Warner Bros.,R,2 hr 3 min,"['Biography', 'Crime', 'Drama', 'History']",6 days,123.0
27,2025,2025 Oscar Nominated Short Films: Live Action,https://www.boxofficemojo.com/release/rl2988605441/?ref_=bo_yld_table_27,3267935.0,500,852364.0,0.261,320,Feb 14,ShortsTV,,1 hr 44 min,[],41 days/5 weeks,104.0
28,2025,Rule Breakers,https://www.boxofficemojo.com/release/rl104169473/?ref_=bo_yld_table_28,2930134.0,2044,1503826.0,0.513,2044,Mar 7,Angel Studios,PG,2 hr,['Drama'],20 days/2 weeks,120.0
29,2025,Attack on Titan the Movie: The Last Attack,https://www.boxofficemojo.com/release/rl4130111489/?ref_=bo_yld_table_29,2890192.0,525,170239.0,0.059000000000000004,108,Feb 10,Sony Pictures Releasing,,2 hr 25 min,"['Action', 'Adventure', 'Animation', 'Drama']",45 days/6 weeks,145.0
30,2025,Detective Chinatown 1900,https://www.boxofficemojo.com/release/rl875593729/?ref_=bo_yld_table_30,2102841.0,229,749920.0,0.35700000000000004,229,Jan 29,CMC Pictures,,2 hr 18 min,"['Comedy', 'Drama', 'Mystery']",57 days/8 weeks,138.0
31,2025,Night of the Zoopocalypse,https://www.boxofficemojo.com/release/rl4195123201/?ref_=bo_yld_table_31,2101604.0,1425,813961.0,0.387,1425,Mar 7,Viva Pictures,PG,1 hr 31 min,"['Adventure', 'Animation', 'Comedy', 'Horror']",20 days/2 weeks,91.0
32,2025,Game Changer,https://www.boxofficemojo.com/release/rl3559358465/?ref_=bo_yld_table_32,2100000.0,800,2100000.0,,800,Jan 10,Shloka Entertainments,,2 hr 45 min,"['Action', 'Drama', 'Thriller']",76 days/10 weeks,165.0
33,2025,In the Lost Lands,https://www.boxofficemojo.com/release/rl4246241281/?ref_=bo_yld_table_33,1866880.0,1370,1072019.0,0.574,1370,Mar 7,Vertical Entertainment,R,1 hr 41 min,"['Action', 'Adventure', 'Fantasy']",20 days/2 weeks,101.0
34,2025,Riff Raff,https://www.boxofficemojo.com/release/rl2603843585/?ref_=bo_yld_table_34,1859455.0,1004,911053.0,0.49,1004,Feb 27,Roadside Attractions,R,1 hr 43 min,"['Comedy', 'Crime']",28 days/4 weeks,103.0
35,2025,Creation of the Gods II: Demon Force,https://www.boxofficemojo.com/release/rl338067457/?ref_=bo_yld_table_35,1853487.0,200,1268131.0,0.684,200,Jan 31,Well Go USA Entertainment,,2 hr 25 min,"['Action', 'Drama', 'Fantasy', 'War']",55 days/7 weeks,145.0
36,2025,No Other Land,https://www.boxofficemojo.com/release/rl1630044161/?ref_=bo_yld_table_36,1747807.0,140,26100.0,,1,Jan 31,-,,1 hr 32 min,['Documentary'],55 days/7 weeks,92.0
37,2025,Green and Gold,https://www.boxofficemojo.com/release/rl1696104449/?ref_=bo_yld_table_37,1719105.0,921,705989.0,0.41100000000000003,921,Jan 31,Fathom Events,,1 hr 45 min,['Drama'],55 days/7 weeks,105.0
38,2025,Opus,https://www.boxofficemojo.com/release/rl1461944321/?ref_=bo_yld_table_38,1521347.0,1764,1033117.0,0.679,1764,Mar 14,A24,R,1 hr 44 min,['Drama'],13 days/1 week,104.0
39,2025,The Damned,https://www.boxofficemojo.com/release/rl1343389697/?ref_=bo_yld_table_39,1342796.0,732,769721.0,0.573,732,Jan 3,Vertical Entertainment,R,1 hr 29 min,"['Drama', 'Horror', 'Mystery']",83 days/11 weeks,89.0
40,2025,My Dead Friend Zoe,https://www.boxofficemojo.com/release/rl2289270785/?ref_=bo_yld_table_40,1250703.0,780,740088.0,0.5920000000000001,780,Feb 28,Briarcliff Entertainment,R,1 hr 43 min,"['Comedy', 'Drama', 'War']",27 days/3 weeks,103.0
41,2025,Valiant One,https://www.boxofficemojo.com/release/rl1478918145/?ref_=bo_yld_table_41,1236630.0,1275,735099.0,0.594,1275,Jan 31,Briarcliff Entertainment,R,1 hr 26 min,['Thriller'],55 days/7 weeks,86.0
42,2025,Mobile Suit Gundam GQuuuuuuX: Beginning,https://www.boxofficemojo.com/release/rl254377985/?ref_=bo_yld_table_42,1223881.0,784,882471.0,0.721,784,Feb 28,GKIDS,,1 hr 21 min,"['Action', 'Adventure', 'Animation', 'Drama', 'Sci-Fi']",27 days/3 weeks,81.0
43,2025,October 8,https://www.boxofficemojo.com/release/rl1512800257/?ref_=bo_yld_table_43,923537.0,127,234481.0,0.254,127,Mar 14,Briarcliff Entertainment,,1 hr 40 min,['Documentary'],13 days/1 week,100.0
44,2025,Seven,https://www.boxofficemojo.com/release/rl690257921/?ref_=bo_yld_table_44,915000.0,200,915000.0,,200,Jan 3,Warner Bros.,R,2 hr 7 min,"['Crime', 'Drama', 'Mystery', 'Thriller']",83 days/11 weeks,127.0
45,2025,Magazine Dreams,https://www.boxofficemojo.com/release/rl3347677953/?ref_=bo_yld_table_45,837709.0,815,701365.0,0.8370000000000001,815,Mar 21,Briarcliff Entertainment,R,2 hr 3 min,['Drama'],6 days,123.0
46,2025,Hard Truths,https://www.boxofficemojo.com/release/rl1831305217/?ref_=bo_yld_table_46,808122.0,542,171840.0,0.213,22,Jan 10,Bleecker Street Media,R,1 hr 37 min,"['Comedy', 'Drama']",76 days/10 weeks,97.0
47,2025,Cleaner,https://www.boxofficemojo.com/release/rl505184257/?ref_=bo_yld_table_47,794091.0,381,403560.0,0.508,378,Feb 21,Quiver Distribution,R,1 hr 37 min,"['Action', 'Drama', 'Thriller']",34 days/4 weeks,97.0
48,2025,Sing Sing,https://www.boxofficemojo.com/release/rl1814528001/?ref_=bo_yld_table_48,707265.0,560,239533.0,0.33899999999999997,560,Jan 17,-,R,1 hr 47 min,['Drama'],69 days/9 weeks,107.0
49,2025,Ash,https://www.boxofficemojo.com/release/rl3659628545/?ref_=bo_yld_table_49,689144.0,1136,689144.0,1.0,1136,Mar 21,Shudder,R,1 hr 35 min,"['Horror', 'Sci-Fi', 'Thriller']",6 days,95.0
50,2025,Legends of the Condor Heroes: The Gallants,https://www.boxofficemojo.com/release/rl909148161/?ref_=bo_yld_table_50,671343.0,200,344430.0,0.513,200,Feb 21,Sony Pictures Releasing,R,2 hr 26 min,"['Action', 'Adventure', 'Drama', 'History', 'Romance', 'War']",34 days/4 weeks,146.0
51,2025,Queen of the Ring,https://www.boxofficemojo.com/release/rl2804449281/?ref_=bo_yld_table_51,627485.0,825,380000.0,,825,Mar 7,Sumerian Films,PG-13,2 hr 20 min,"['Biography', 'Drama', 'Sport']",20 days/2 weeks,140.0
52,2025,The Colors Within,https://www.boxofficemojo.com/release/rl1896775681/?ref_=bo_yld_table_52,557116.0,570,373811.0,0.6709999999999999,570,Jan 23,GKIDS,PG,1 hr 41 min,"['Animation', 'Drama', 'Music']",63 days/9 weeks,101.0
53,2025,Autumn and the Black Jaguar,https://www.boxofficemojo.com/release/rl672890881/?ref_=bo_yld_table_53,546879.0,555,102006.0,0.187,555,Jan 17,Blue Fox Entertainment,PG,1 hr 40 min,"['Adventure', 'Comedy', 'Family']",69 days/9 weeks,100.0
54,2025,Parasite,https://www.boxofficemojo.com/release/rl2083225601/?ref_=bo_yld_table_54,478148.0,193,356727.0,0.746,193,Feb 7,IMAX,R,2 hr 12 min,"['Drama', 'Thriller']",48 days/6 weeks,132.0
55,2025,The Rule of Jenny Pen,https://www.boxofficemojo.com/release/rl992641025/?ref_=bo_yld_table_55,433817.0,878,254953.0,0.588,878,Mar 7,IFC Films,R,1 hr 44 min,"['Horror', 'Mystery', 'Thriller']",20 days/2 weeks,104.0
56,2025,The Prosecutor,https://www.boxofficemojo.com/release/rl3273424897/?ref_=bo_yld_table_56,407965.0,42,132059.0,0.324,42,Jan 10,Well Go USA Entertainment,,1 hr 57 min,"['Action', 'Thriller']",76 days/10 weeks,117.0
57,2025,Love Me,https://www.boxofficemojo.com/release/rl1529577473/?ref_=bo_yld_table_57,350841.0,527,212364.0,0.605,527,Jan 31,Bleecker Street Media,R,1 hr 31 min,"['Drama', 'Romance', 'Sci-Fi']",55 days/7 weeks,91.0
58,2025,Bring Them Down,https://www.boxofficemojo.com/release/rl1411809281/?ref_=bo_yld_table_58,336339.0,454,202329.0,0.602,454,Feb 7,MUBI,R,1 hr 46 min,"['Drama', 'Thriller']",48 days/6 weeks,106.0
59,2025,UFC Countdown: UFC 311 Countdown: Makhachev vs. Tsarukyan 2,https://www.boxofficemojo.com/release/rl2234023937/?ref_=bo_yld_table_59,334988.0,440,334988.0,1.0,440,Jan 17,Iconic Events Releasing,,,['Sport'],69 days/9 weeks,
60,2025,Locked,https://www.boxofficemojo.com/release/rl2838200321/?ref_=bo_yld_table_60,330000.0,971,924054.0,2.8,971,Mar 21,The Avenue Entertainment,R,1 hr 35 min,['Thriller'],6 days,95.0
61,2025,A Sloth Story,https://www.boxofficemojo.com/release/rl3727065089/?ref_=bo_yld_table_61,325449.0,750,194394.0,0.597,750,Feb 28,Blue Fox Entertainment,PG,1 hr 30 min,"['Adventure', 'Animation', 'Family']",27 days/3 weeks,90.0
62,2025,Parthenope,https://www.boxofficemojo.com/release/rl1277394945/?ref_=bo_yld_table_62,289303.0,139,31588.0,0.109,4,Feb 7,A24,R,2 hr 17 min,"['Drama', 'Fantasy']",48 days/6 weeks,137.0
63,2025,Eephus,https://www.boxofficemojo.com/release/rl3257237505/?ref_=bo_yld_table_63,273069.0,82,21023.0,0.077,2,Mar 7,Music Box Films,,1 hr 39 min,"['Comedy', 'Drama']",20 days/2 weeks,99.0
64,2025,Peter Pan's Neverland Nightmare,https://www.boxofficemojo.com/release/rl1528725505/?ref_=bo_yld_table_64,230515.0,797,8418.0,0.037000000000000005,53,Jan 13,Iconic Events Releasing,,1 hr 29 min,"['Adventure', 'Fantasy', 'Horror', 'Mystery', 'Thriller']",73 days/10 weeks,89.0
65,2025,Liza: A Truly Terrific Absolutely True Story,https://www.boxofficemojo.com/release/rl1579581441/?ref_=bo_yld_table_65,206658.0,30,19854.0,0.096,1,Jan 24,Zeitgeist Films,,1 hr 44 min,"['Biography', 'Documentary']",62 days/8 weeks,104.0
66,2025,Universal Language,https://www.boxofficemojo.com/release/rl2265743361/?ref_=bo_yld_table_66,205569.0,44,37111.0,0.18100000000000002,2,Feb 14,Oscilloscope,,1 hr 29 min,"['Comedy', 'Drama']",41 days/5 weeks,89.0
67,2025,Inheritance,https://www.boxofficemojo.com/release/rl1745321985/?ref_=bo_yld_table_67,192223.0,627,124817.0,0.649,627,Jan 24,IFC Films,R,1 hr 41 min,['Thriller'],62 days/8 weeks,101.0
68,2025,Ex-Husbands,https://www.boxofficemojo.com/release/rl1864859649/?ref_=bo_yld_table_68,186519.0,135,10187.0,0.055,1,Feb 21,Greenwich Entertainment,,1 hr 39 min,"['Comedy', 'Drama']",34 days/4 weeks,99.0
69,2025,Brothers After War,https://www.boxofficemojo.com/release/rl2586345473/?ref_=bo_yld_table_69,167278.0,134,85310.0,0.51,134,Feb 28,SDG Releasing,R,1 hr 48 min,['Documentary'],27 days/3 weeks,108.0
70,2025,There's Still Tomorrow,https://www.boxofficemojo.com/release/rl1848082433/?ref_=bo_yld_table_70,154984.0,111,3936.0,0.025,1,Feb 28,Greenwich Entertainment,,1 hr 58 min,"['Comedy', 'Drama', 'History']",27 days/3 weeks,118.0
71,2025,The Assessment,https://www.boxofficemojo.com/release/rl976781313/?ref_=bo_yld_table_71,152905.0,265,152905.0,1.0,265,Mar 21,Magnolia Pictures,R,1 hr 54 min,"['Drama', 'Sci-Fi']",6 days,114.0
72,2025,Superboys of Malegaon,https://www.boxofficemojo.com/release/rl691044353/?ref_=bo_yld_table_72,148203.0,446,100765.0,0.68,446,Feb 28,Amazon MGM Studios,PG-13,2 hr 7 min,"['Comedy', 'Drama']",27 days/3 weeks,127.0
73,2025,Grand Theft Hamlet,https://www.boxofficemojo.com/release/rl1361477633/?ref_=bo_yld_table_73,143543.0,75,67240.0,0.46799999999999997,75,Jan 17,MUBI,R,1 hr 29 min,"['Animation', 'Documentary']",69 days/9 weeks,89.0
74,2025,Every Little Thing,https://www.boxofficemojo.com/release/rl287735809/?ref_=bo_yld_table_74,139507.0,15,2787.0,0.02,1,Jan 10,Kino Lorber,,1 hr 33 min,['Documentary'],76 days/10 weeks,93.0
75,2025,On Becoming a Guinea Fowl,https://www.boxofficemojo.com/release/rl1210286081/?ref_=bo_yld_table_75,118179.0,112,12793.0,0.10800000000000001,4,Mar 7,A24,PG-13,1 hr 39 min,"['Comedy', 'Drama']",20 days/2 weeks,99.0
76,2025,Seven Veils,https://www.boxofficemojo.com/release/rl1428914177/?ref_=bo_yld_table_76,116734.0,190,64227.0,0.55,190,Mar 7,XYZ Films,,1 hr 47 min,['Drama'],20 days/2 weeks,107.0
77,2025,Armand,https://www.boxofficemojo.com/release/rl1293516801/?ref_=bo_yld_table_77,109061.0,230,23474.0,0.215,2,Feb 7,IFC Films,R,1 hr 58 min,['Drama'],48 days/6 weeks,118.0
78,2025,Dark Nuns,https://www.boxofficemojo.com/release/rl1411678209/?ref_=bo_yld_table_78,103433.0,46,54923.0,0.531,46,Feb 7,Well Go USA Entertainment,,1 hr 54 min,"['Horror', 'Mystery', 'Thriller']",48 days/6 weeks,114.0
79,2025,A Woman Is a Woman,https://www.boxofficemojo.com/release/rl2183692289/?ref_=bo_yld_table_79,86992.0,6,10778.0,0.124,1,Feb 7,Rialto Pictures,,1 hr 25 min,"['Comedy', 'Drama', 'Romance']",48 days/6 weeks,85.0
80,2025,Love & Pop,https://www.boxofficemojo.com/release/rl288522241/?ref_=bo_yld_table_80,64601.0,4,8312.0,0.129,2,Feb 21,GKIDS,,1 hr 50 min,['Drama'],34 days/4 weeks,110.0
81,2025,The Accidental Getaway Driver,https://www.boxofficemojo.com/release/rl3929178113/?ref_=bo_yld_table_81,63831.0,72,37066.0,0.581,4,Feb 28,Utopia,R,1 hr 42 min,"['Drama', 'Thriller']",27 days/3 weeks,102.0
82,2025,Bob Trevino Likes It,https://www.boxofficemojo.com/release/rl54099969/?ref_=bo_yld_table_82,52031.0,5,52031.0,1.0,5,Mar 21,Roadside Attractions,PG-13,1 hr 42 min,"['Comedy', 'Drama']",6 days,102.0
83,2025,The Annihilation of Fish,https://www.boxofficemojo.com/release/rl3123806209/?ref_=bo_yld_table_83,48756.0,7,10703.0,0.22,2,Feb 14,Kino Lorber,R,1 hr 48 min,['Romance'],41 days/5 weeks,108.0
84,2025,DIG! XX,https://www.boxofficemojo.com/release/rl3374678017/?ref_=bo_yld_table_84,47086.0,48,12015.0,,3,Jan 17,Oscilloscope,,2 hr 26 min,['Documentary'],69 days/9 weeks,146.0
85,2025,Secret Mall Apartment,https://www.boxofficemojo.com/release/rl2587262977/?ref_=bo_yld_table_85,42519.0,1,42519.0,1.0,1,Mar 21,Wheelhouse Creative,,1 hr 31 min,['Documentary'],6 days,91.0
86,2025,The Actor,https://www.boxofficemojo.com/release/rl2922807297/?ref_=bo_yld_table_86,39214.0,23,20941.0,0.534,23,Mar 14,Neon,R,1 hr 38 min,"['Crime', 'Drama', 'Mystery', 'Thriller']",13 days/1 week,98.0
87,2025,Extremely Unique Dynamic,https://www.boxofficemojo.com/release/rl1075412993/?ref_=bo_yld_table_87,38207.0,1,38207.0,1.0,1,Jan 10,Strand Releasing,,1 hr 13 min,"['Comedy', 'Drama']",76 days/10 weeks,73.0
88,2025,Picnic at Hanging Rock,https://www.boxofficemojo.com/release/rl3945431041/?ref_=bo_yld_table_88,33630.0,4,0.0,,0,Jan 31,Janus Films,,1 hr 55 min,"['Drama', 'Mystery']",55 days/7 weeks,115.0
89,2025,Unholy Song,https://www.boxofficemojo.com/release/rl1311473665/?ref_=bo_yld_table_89,27022.0,20,20345.0,0.753,20,Feb 28,Hemdale,,,['Horror'],27 days/3 weeks,
90,2025,An Unfinished Film,https://www.boxofficemojo.com/release/rl2805366785/?ref_=bo_yld_table_90,26407.0,4,16183.0,0.613,1,Mar 14,Film Movement,,1 hr 45 min,['Drama'],13 days/1 week,105.0
91,2025,Misericordia,https://www.boxofficemojo.com/release/rl1378582529/?ref_=bo_yld_table_91,23405.0,3,23405.0,1.0,3,Mar 21,Variance Films,,1 hr 44 min,"['Comedy', 'Crime', 'Drama']",6 days,104.0
92,2025,Rats!,https://www.boxofficemojo.com/release/rl2284945409/?ref_=bo_yld_table_92,22577.0,14,18762.0,,14,Feb 28,Yellow Veil Pictures,,1 hr 25 min,"['Action', 'Comedy', 'Crime']",27 days/3 weeks,85.0
93,2025,Swept Away,https://www.boxofficemojo.com/release/rl523075585/?ref_=bo_yld_table_93,22101.0,3,6554.0,0.297,1,Jan 31,Kino Lorber,,1 hr 54 min,"['Adventure', 'Comedy', 'Drama']",55 days/7 weeks,114.0
94,2025,Putin,https://www.boxofficemojo.com/release/rl1546944513/?ref_=bo_yld_table_94,21624.0,19,0.0,,0,Jan 10,Horizon Unlimited,R,1 hr 49 min,"['Biography', 'Crime', 'Drama', 'Thriller', 'War']",76 days/10 weeks,109.0
95,2025,Bir Zamanlar Gelecek: 2121,https://www.boxofficemojo.com/release/rl908623873/?ref_=bo_yld_table_95,20582.0,2,4728.0,0.23,2,Jan 31,Indican Pictures,,1 hr 32 min,"['Drama', 'Sci-Fi']",55 days/7 weeks,92.0
96,2025,Oceans Are the Real Continents,https://www.boxofficemojo.com/release/rl270958593/?ref_=bo_yld_table_96,18059.0,2,4963.0,0.275,1,Jan 10,Film Movement,,1 hr 59 min,['Drama'],76 days/10 weeks,119.0
97,2025,El,https://www.boxofficemojo.com/release/rl121077761/?ref_=bo_yld_table_97,16843.0,1,7892.0,0.469,1,Mar 14,Janus Films,,1 hr 32 min,"['Drama', 'Romance']",13 days/1 week,92.0
98,2025,The Empire,https://www.boxofficemojo.com/release/rl1596358657/?ref_=bo_yld_table_98,15962.0,6,2526.0,0.158,1,Mar 7,Kino Lorber,,1 hr 50 min,"['Adventure', 'Comedy', 'Drama', 'Sci-Fi']",20 days/2 weeks,110.0
99,2025,The Visitor,https://www.boxofficemojo.com/release/rl3459547137/?ref_=bo_yld_table_99,14494.0,4,11294.0,0.779,3,Mar 7,Utopia,PG-13,1 hr 44 min,['Drama'],20 days/2 weeks,104.0
100,2025,Borderline,https://www.boxofficemojo.com/release/rl2755035137/?ref_=bo_yld_table_100,13472.0,25,8254.0,0.613,25,Mar 14,Magnolia Pictures,R,1 hr 34 min,"['Comedy', 'Horror', 'Thriller']",13 days/1 week,94.0
101,2025,I Love You Forever,https://www.boxofficemojo.com/release/rl2704244737/?ref_=bo_yld_table_101,12989.0,2,5548.0,0.42700000000000005,1,Feb 7,Utopia,,1 hr 29 min,"['Comedy', 'Drama']",48 days/6 weeks,89.0
102,2025,Both Eyes Open,https://www.boxofficemojo.com/release/rl2686484481/?ref_=bo_yld_table_102,12013.0,35,7914.0,0.659,35,Jan 17,RodFather Productions,,1 hr 40 min,['Thriller'],69 days/9 weeks,100.0
103,2025,Compensation,https://www.boxofficemojo.com/release/rl1211269121/?ref_=bo_yld_table_103,11403.0,2,0.0,,0,Feb 20,Janus Films,,1 hr 35 min,"['Drama', 'History', 'Romance']",35 days/5 weeks,95.0
104,2025,When I'm Ready,https://www.boxofficemojo.com/release/rl1680375809/?ref_=bo_yld_table_104,11372.0,8,8220.0,0.723,8,Feb 7,Briarcliff Entertainment,,1 hr 47 min,['Romance'],48 days/6 weeks,107.0
105,2025,Night Call,https://www.boxofficemojo.com/release/rl807960577/?ref_=bo_yld_table_105,10980.0,12,8161.0,0.743,12,Jan 17,Magnolia Pictures,,1 hr 37 min,"['Action', 'Thriller']",69 days/9 weeks,97.0
106,2025,Blades in the Darkness,https://www.boxofficemojo.com/release/rl388399105/?ref_=bo_yld_table_106,10072.0,1,1967.0,0.195,1,Jan 24,Indican Pictures,,1 hr 21 min,"['Action', 'Crime', 'Horror']",62 days/8 weeks,81.0
107,2025,Girls Town,https://www.boxofficemojo.com/release/rl3492380673/?ref_=bo_yld_table_107,8677.0,1,4665.0,0.5379999999999999,1,Jan 17,Film Movement,R,1 hr 30 min,"['Comedy', 'Drama']",69 days/9 weeks,90.0
108,2025,Prisoners of Fire,https://www.boxofficemojo.com/release/rl3090186241/?ref_=bo_yld_table_108,8161.0,2,4666.0,0.5720000000000001,2,Mar 14,Purdie Distribution,,1 hr 30 min,['Documentary'],13 days/1 week,90.0
109,2025,Being Maria,https://www.boxofficemojo.com/release/rl1344700417/?ref_=bo_yld_table_109,7822.0,1,5822.0,0.7440000000000001,1,Mar 21,Kino Lorber,,1 hr 40 min,"['Biography', 'Drama', 'History']",6 days,100.0
110,2025,The Vortex,https://www.boxofficemojo.com/release/rl3392438273/?ref_=bo_yld_table_110,7176.0,2,3780.0,0.527,2,Feb 14,Moon Howler,,,['Drama'],41 days/5 weeks,
111,2025,AUM: The Cult at the End of the World,https://www.boxofficemojo.com/release/rl4012081153/?ref_=bo_yld_table_111,7017.0,2,4470.0,0.637,2,Mar 19,Greenwich Entertainment,,1 hr 46 min,"['Crime', 'Documentary', 'History', 'Horror', 'Thriller']",8 days/1 week,106.0
112,2025,The Boondock Saints,https://www.boxofficemojo.com/release/rl3325329409/?ref_=bo_yld_table_112,5015.0,5,506.0,0.10099999999999999,2,Mar 7,Indican Pictures,R,1 hr 48 min,"['Action', 'Crime', 'Thriller']",20 days/2 weeks,108.0
113,2025,Rounding,https://www.boxofficemojo.com/release/rl3425009665/?ref_=bo_yld_table_113,4745.0,5,4279.0,0.902,5,Feb 14,Music Box Films,,1 hr 31 min,"['Drama', 'Horror', 'Mystery', 'Thriller']",41 days/5 weeks,91.0
114,2025,The Quiet Ones,https://www.boxofficemojo.com/release/rl355696641/?ref_=bo_yld_table_114,2813.0,17,1433.0,0.509,17,Feb 21,Magnolia Pictures,,1 hr 50 min,"['Action', 'Crime']",34 days/4 weeks,110.0
115,2025,Invader,https://www.boxofficemojo.com/release/rl3475341313/?ref_=bo_yld_table_115,2353.0,5,0.0,,0,Feb 21,Music Box Films,,1 hr 10 min,['Horror'],34 days/4 weeks,70.0
